<?xml version="1.0" encoding="UTF-8"?>
<!DOCTYPE mapper PUBLIC "-//mybatis.org//DTD Mapper 3.0//EN" "http://mybatis.org/dtd/mybatis-3-mapper.dtd">
<mapper namespace="crm.dao.BookinfoMapper">
  <resultMap id="BaseResultMap" type="crm.entity.Bookinfo">
    <id column="book_id" jdbcType="INTEGER" property="bookId" />
    <result column="title" jdbcType="INTEGER" property="title" />
    <result column="des" jdbcType="VARCHAR" property="des" />
    <result column="book_time" jdbcType="TIMESTAMP" property="bookTime" />
    <result column="create_time" jdbcType="TIMESTAMP" property="createTime" />
    
<!--     <result column="customer_id" jdbcType="INTEGER" property="customerId" /> -->
    
   	<association property="customer" javaType="crm.entity.Customers">
    	<id property="customerId" column="customer_id"/>
    	<result property="custName" column="cust_name"/>
    </association>

  </resultMap>
  <delete id="deleteByPrimaryKey" parameterType="java.lang.Integer">
    delete from bookinfo
    where book_id = #{bookId,jdbcType=INTEGER}
  </delete>
  <insert id="insert" parameterType="crm.entity.Bookinfo">
    insert into bookinfo (customer_id, title, des, book_time, create_time) 
    values (#{customer.customerId,jdbcType=INTEGER}, #{title,jdbcType=INTEGER}, #{des,jdbcType=VARCHAR}, #{bookTime,jdbcType=TIMESTAMP}, #{createTime,jdbcType=TIMESTAMP})
  </insert>
  <update id="updateByPrimaryKey" parameterType="crm.entity.Bookinfo">
    update bookinfo
    set title = #{title,jdbcType=INTEGER},
      des = #{des,jdbcType=VARCHAR},
      book_time = #{bookTime,jdbcType=TIMESTAMP},
      create_time = #{createTime,jdbcType=TIMESTAMP},
      customer_id = #{customerId,jdbcType=INTEGER}
    where book_id = #{bookId,jdbcType=INTEGER}
  </update>
  <select id="selectByPrimaryKey" parameterType="java.lang.Integer" resultMap="BaseResultMap">
    select book_id, title, des, book_time, create_time, customer_id
    from bookinfo
    where book_id = #{bookId,jdbcType=INTEGER}
  </select>
<!--   <select id="selectAll" resultMap="BaseResultMap">
    select book_id, customer.custName, title, summary, create_time, book_time
    from customers ,bookinfo
    <trim prefix="where" prefixOverrides="and|or">
    	 bookinfo.customer_id=customers.customer_id
    	<if test="customer.custName!=''">
    	and	customers.cust_name like #{customer.custName}
    	</if>
    	<if test="beginday!='' and  endday!=''">
    	and	book_time between #{beginday} and #{endday}
    	</if>
    	order by book_id
    </trim>
  </select> -->
  
   <select id="selectAll" resultMap="BaseResultMap">
    select bookinfo.book_id, customers.cust_name, bookinfo.title, bookinfo.des, bookinfo.create_time, bookinfo.book_time
    from customers ,bookinfo     
    <trim prefix="where" prefixOverrides="and|or">
    	 bookinfo.customer_id=customers.customer_id
    	<if test="customer.custName!=''">
    	and	customers.cust_name like #{customer.custName}
    	</if>
    	<if test="beginday!='' and  endday!=''">
    	and	book_time between #{beginday} and #{endday}
    	</if>
    	order by book_id
    </trim>
  </select>
</mapper>