<?xml version="1.0" encoding="UTF-8"?>
<!DOCTYPE mapper PUBLIC "-//mybatis.org//DTD Mapper 3.0//EN" "http://mybatis.org/dtd/mybatis-3-mapper.dtd">
<mapper namespace="crm.dao.ContactsMapper">
  <resultMap id="BaseResultMap" type="crm.entity.Contacts">
    <id column="cont_id" jdbcType="INTEGER" property="contId" />
    <result column="cust_id" jdbcType="INTEGER" property="custId" />
    <result column="cont_name" jdbcType="VARCHAR" property="contName" />
    <result column="cont_dept" jdbcType="VARCHAR" property="contDept" />
    <result column="cont_position" jdbcType="VARCHAR" property="contPosition" />
    <result column="cont_telephone" jdbcType="VARCHAR" property="contTelephone" />
    <result column="cont_mobile" jdbcType="VARCHAR" property="contMobile" />
    <result column="cont_email" jdbcType="VARCHAR" property="contEmail" />
    <result column="cont_qq" jdbcType="VARCHAR" property="contQq" />
    <result column="tech_degree" jdbcType="CHAR" property="techDegree" />
    <result column="more_info" jdbcType="VARCHAR" property="moreInfo" />
    <result column="create_time" jdbcType="TIMESTAMP" property="createTime" />
        
   	<association property="customer" javaType="crm.entity.Customers">
    	<id property="customerId" column="customer_id"/>
    	<result property="custName" column="cust_name"/>
    </association>
    
  </resultMap>
  <delete id="deleteByPrimaryKey" parameterType="java.lang.Integer">
    delete from contacts
    where cont_id = #{contId,jdbcType=INTEGER}
  </delete>
    <delete id="deleteByCustKey" parameterType="java.lang.Integer">
    delete from contacts
    where cust_id = #{custId,jdbcType=INTEGER}
  </delete>
  <insert id="insert" parameterType="crm.entity.Contacts">
    insert into contacts (cont_id, cust_id, cont_name, 
      cont_dept, cont_position, cont_telephone, 
      cont_mobile, cont_email, cont_qq, 
      tech_degree, more_info, create_time
      )
    values (#{contId,jdbcType=INTEGER}, #{custId,jdbcType=INTEGER}, #{contName,jdbcType=VARCHAR}, 
      #{contDept,jdbcType=VARCHAR}, #{contPosition,jdbcType=VARCHAR}, #{contTelephone,jdbcType=VARCHAR}, 
      #{contMobile,jdbcType=VARCHAR}, #{contEmail,jdbcType=VARCHAR}, #{contQq,jdbcType=VARCHAR}, 
      #{techDegree,jdbcType=CHAR}, #{moreInfo,jdbcType=VARCHAR}, #{createTime,jdbcType=TIMESTAMP}
      )
  </insert>
  <update id="updateByPrimaryKey" parameterType="crm.entity.Contacts">
    update contacts
    set cust_id = #{custId,jdbcType=INTEGER},
      cont_name = #{contName,jdbcType=VARCHAR},
      cont_dept = #{contDept,jdbcType=VARCHAR},
      cont_position = #{contPosition,jdbcType=VARCHAR},
      cont_telephone = #{contTelephone,jdbcType=VARCHAR},
      cont_mobile = #{contMobile,jdbcType=VARCHAR},
      cont_email = #{contEmail,jdbcType=VARCHAR},
      cont_qq = #{contQq,jdbcType=VARCHAR},
      tech_degree = #{techDegree,jdbcType=CHAR},
      more_info = #{moreInfo,jdbcType=VARCHAR},
      create_time = #{createTime,jdbcType=TIMESTAMP}
    where cont_id = #{contId,jdbcType=INTEGER}
  </update>
  <select id="selectByPrimaryKey" parameterType="java.lang.Integer" resultMap="BaseResultMap">
    select cont_id, cust_id, cont_name, cont_dept, cont_position, cont_telephone, cont_mobile, 
    cont_email, cont_qq, tech_degree, more_info, create_time
    from contacts
    where cont_id = #{contId,jdbcType=INTEGER}
  </select>
  <select id="selectAll" resultMap="BaseResultMap">
    select cont_id, cust_id, cont_name, cont_dept, cont_position, cont_telephone, cont_mobile, 
    cont_email, cont_qq, tech_degree, more_info, contacts.create_time, cust_name
    from contacts,customers
	 <trim prefix="where" prefixOverrides="and|or">
   		customers.customer_id=contacts.cust_id
    	<if test="custName!=''">
    	and	cust_name like #{custName}
    	</if>
    	<if test="beginday!='' and  endday!=''">
    	and	contacts.create_time between #{beginday} and #{endday}
    	</if>
    	order by  customer_id
    </trim> 
  </select>
</mapper>