<?xml version="1.0" encoding="UTF-8"?>
<!DOCTYPE mapper PUBLIC "-//mybatis.org//DTD Mapper 3.0//EN" "http://mybatis.org/dtd/mybatis-3-mapper.dtd">
<mapper namespace="crm.dao.CustomersMapper">
  <resultMap id="BaseResultMap" type="crm.entity.Customers">
    <id column="customer_id" jdbcType="INTEGER" property="customerId" />
    <result column="cust_name" jdbcType="VARCHAR" property="custName" />
    <result column="cust_type" jdbcType="INTEGER" property="custType" />
    <result column="cust_background" jdbcType="INTEGER" property="custBackground" />
    <result column="listed" jdbcType="CHAR" property="listed" />
    <result column="reg_capital" jdbcType="INTEGER" property="regCapital" />
    <result column="year_sales" jdbcType="INTEGER" property="yearSales" />
    <result column="entp_scale" jdbcType="INTEGER" property="entpScale" />
    <result column="tester_no" jdbcType="INTEGER" property="testerNo" />
    <result column="url" jdbcType="VARCHAR" property="url" />
    <result column="zip_code" jdbcType="VARCHAR" property="zipCode" />
    <result column="address" jdbcType="VARCHAR" property="address" />
    <result column="main_products" jdbcType="VARCHAR" property="mainProducts" />
    <result column="major_services" jdbcType="VARCHAR" property="majorServices" />
    <result column="status" jdbcType="CHAR" property="status" />
    <result column="user_id" jdbcType="INTEGER" property="userId" />
    <result column="create_time" jdbcType="TIMESTAMP" property="createTime" />
 	  <association property="contact" javaType="crm.entity.Contacts">
    	<id property="customerId" jdbcType="INTEGER" column="cust_id"/>
    	<result property="conId" column="con_id"/>
    </association>
    <association property="user" javaType="crm.entity.Users">
   			<id property="userId" column="user_id"/>
   			<result property="userName" column="user_name"/>
   	</association>
  </resultMap>
  <delete id="deleteByPrimaryKey" parameterType="java.lang.Integer">
    delete from customers
    where customer_id = #{contact.customerId,jdbcType=INTEGER}
  </delete>
  <insert id="insert" parameterType="crm.entity.Customers">
    insert into customers (customer_id, cust_name, cust_type, 
      cust_background, listed, reg_capital, 
      year_sales, entp_scale, tester_no, 
      url, zip_code, address, 
      main_products, major_services, status, 
      user_id, create_time)
    values (#{customerId,jdbcType=INTEGER}, #{custName,jdbcType=VARCHAR}, #{custType,jdbcType=INTEGER}, 
      #{custBackground,jdbcType=INTEGER}, #{listed,jdbcType=CHAR}, #{regCapital,jdbcType=INTEGER}, 
      #{yearSales,jdbcType=INTEGER}, #{entpScale,jdbcType=INTEGER}, #{testerNo,jdbcType=INTEGER}, 
      #{url,jdbcType=VARCHAR}, #{zipCode,jdbcType=VARCHAR}, #{address,jdbcType=VARCHAR}, 
      #{mainProducts,jdbcType=VARCHAR}, #{majorServices,jdbcType=VARCHAR}, #{status,jdbcType=CHAR}, 
      #{userId,jdbcType=INTEGER}, #{createTime,jdbcType=TIMESTAMP})
  </insert>
  <update id="updateByPrimaryKey" parameterType="crm.entity.Customers">
    update customers
    set cust_name = #{custName,jdbcType=VARCHAR},
      cust_type = #{custType,jdbcType=INTEGER},
      cust_background = #{custBackground,jdbcType=INTEGER},
      listed = #{listed,jdbcType=CHAR},
      reg_capital = #{regCapital,jdbcType=INTEGER},
      year_sales = #{yearSales,jdbcType=INTEGER},
      entp_scale = #{entpScale,jdbcType=INTEGER},
      tester_no = #{testerNo,jdbcType=INTEGER},
      url = #{url,jdbcType=VARCHAR},
      zip_code = #{zipCode,jdbcType=VARCHAR},
      address = #{address,jdbcType=VARCHAR},
      main_products = #{mainProducts,jdbcType=VARCHAR},
      major_services = #{majorServices,jdbcType=VARCHAR},
      status = #{status,jdbcType=CHAR},
      user_id = #{userId,jdbcType=INTEGER},
      create_time = #{createTime,jdbcType=TIMESTAMP}
    where customer_id = #{customerId,jdbcType=INTEGER}
  </update>
  <select id="selectByPrimaryKey" parameterType="java.lang.Integer" resultMap="BaseResultMap">
    select customer_id, cust_name, cust_type, cust_background, listed, reg_capital, year_sales, 
    entp_scale, tester_no, url, zip_code, address, main_products, major_services, status, 
    user_id, create_time
    from customers
    where customer_id = #{customerId,jdbcType=INTEGER}
  </select>
  <select id="selectAll" resultMap="BaseResultMap">
    select customer_id, cust_name, cust_type, cust_background, listed, reg_capital, year_sales, 
    entp_scale, tester_no, url, zip_code, address, main_products, major_services, status, 
    user_id, create_time
    from customers
  </select>
  <select id="selectResult" resultMap="BaseResultMap">
    select customer_id, cust_name, cust_type, cust_background, listed, reg_capital, year_sales, 
    entp_scale, tester_no, url, zip_code, address, main_products, major_services, customers.status, 
    customers.user_id, create_time,user_name
    from customers,users
   <trim prefix="where" prefixOverrides="and|or">
   		customers.user_id=users.user_id	
    	<if test="custName!=''">
    	and	cust_name like #{custName}
    	</if>
    	<if test="userId!='' and userId!='-1'">
    		and customers.user_id=#{userId}
    	</if>
    	<if test="listed!=null and listed!=-1">
    		and listed=#{listed}
    	</if>
    	<if test="custType!=null and custType!=-1">
    		and cust_type=#{custType}
    	</if>
    	<if test="status!=null and status!=-1">
    	and	status=#{status}
    	</if>
    	order by  customer_id
    </trim>
  </select>
  
   <update id="editCust">
  	update customers set status=#{1} where user_id=#{0}
  </update>
</mapper>