<?xml version="1.0" encoding="UTF-8"?>
<!DOCTYPE mapper PUBLIC "-//mybatis.org//DTD Mapper 3.0//EN" "http://mybatis.org/dtd/mybatis-3-mapper.dtd">
<mapper namespace="crm.dao.LogsMapper">
  <resultMap id="BaseResultMap" type="crm.entity.Logs">
    <id column="log_id" jdbcType="INTEGER" property="logId" />
    <result column="title" jdbcType="VARCHAR" property="title" />
    <result column="des" jdbcType="VARCHAR" property="des" />
    <result column="create_time" jdbcType="TIMESTAMP" property="createTime" />
    
    <association property="customer" javaType="crm.entity.Customers">
    	<id property="customerId" column="customer_id"/>
    	<result property="custName" column="cust_name"/>
 			 <association property="user" javaType="crm.entity.Users">
   			<id property="userId" column="user_id"/>
    		<result property="userName" column="user_name"/>
    	</association>
    </association>
    
  </resultMap>
  <delete id="deleteByPrimaryKey" parameterType="java.lang.Integer">
    delete from logs
    where log_id = #{logId,jdbcType=INTEGER}
  </delete>
  <insert id="insert" parameterType="crm.entity.Logs">
    insert into logs ( title, des, 
      customer_id, create_time)
    values ( #{title,jdbcType=VARCHAR}, #{des,jdbcType=VARCHAR}, 
      #{customer.customerId,jdbcType=INTEGER}, #{createTime,jdbcType=TIMESTAMP})
  </insert>
  
  <select id="selectAll" resultMap="BaseResultMap">
    select logs.log_id,logs.title,customers.cust_name,users.user_name,logs.create_time
	from customers ,logs,users
    <trim prefix="where" prefixOverrides="and|or">
    	 logs.customer_id=customers.customer_id and users.user_id=customers.user_id
    	<if test="customer.custName!=''">
    	and	customers.cust_name like #{customer.custName}
    	</if>
    	<if test="beginday!='' and  endday!=''">
    	and	logs.create_time between #{beginday} and #{endday}
    	</if>
    	order by log_id
    </trim>
  </select>
  
</mapper>