<?xml version="1.0" encoding="UTF-8"?>
<!DOCTYPE mapper PUBLIC "-//mybatis.org//DTD Mapper 3.0//EN" "http://mybatis.org/dtd/mybatis-3-mapper.dtd">
<mapper namespace="crm.dao.RolesMapper">
  <resultMap id="BaseResultMap" type="crm.entity.Roles">
    <id column="role_id" jdbcType="INTEGER" property="roleId" />
    <result column="role_name" jdbcType="VARCHAR" property="roleName" />
    <result column="role_desc" jdbcType="VARCHAR" property="roleDesc" />
  </resultMap>
  <delete id="deleteByPrimaryKey" parameterType="java.lang.Integer">
    delete from roles
    where role_id = #{roleId,jdbcType=INTEGER}
  </delete>
  <insert id="insert" parameterType="crm.entity.Roles">
    insert into roles (role_id, role_name, role_desc
      )
    values (#{roleId,jdbcType=INTEGER}, #{roleName,jdbcType=VARCHAR}, #{roleDesc,jdbcType=VARCHAR}
      )
  </insert>
  <update id="updateByPrimaryKey" parameterType="crm.entity.Roles">
    update roles
    set role_name = #{roleName,jdbcType=VARCHAR},
      role_desc = #{roleDesc,jdbcType=VARCHAR}
    where role_id = #{roleId,jdbcType=INTEGER}
  </update>
  <select id="selectByPrimaryKey" parameterType="java.lang.Integer" resultMap="BaseResultMap">
    select role_id, role_name, role_desc
    from roles
    where role_id = #{roleId,jdbcType=INTEGER}
  </select>
  <select id="selectAll" resultMap="BaseResultMap">
    select role_id, role_name, role_desc
    from roles
  </select>
</mapper>