<?xml version="1.0" encoding="UTF-8"?>
<!DOCTYPE mapper PUBLIC "-//mybatis.org//DTD Mapper 3.0//EN" "http://mybatis.org/dtd/mybatis-3-mapper.dtd">
<mapper namespace="crm.dao.UsersMapper">

  <resultMap id="BaseResultMap" type="crm.entity.Users">
    <id column="user_id" jdbcType="INTEGER" property="userId" />
    <result column="user_name" jdbcType="VARCHAR" property="userName" />
    <result column="password" jdbcType="VARCHAR" property="password" />
    <result column="sex" jdbcType="VARCHAR" property="sex" />
    <result column="birthday" jdbcType="TIMESTAMP" property="birthday" />
    <!--  
    <result column="role_id" jdbcType="INTEGER" property="roleId" />
    -->
    
  
    <result column="status" jdbcType="INTEGER" property="status" />
      <!-- 多表一对一 -->
    <association property="role" javaType="crm.entity.Roles">
    	<id property="roleId" column="role_id"/>
    	<result property="roleName" column="role_name"/>
    </association>
     <association property="customer" javaType="crm.entity.Customers">
    	<id property="customerId" column="customer_id"/>
    	<result property="custName" column="cust_name"/>
    </association>
  </resultMap>
  
  <delete id="deleteByPrimaryKey" parameterType="java.lang.Integer">
    delete from users
    where user_id = #{userId,jdbcType=INTEGER}
  </delete>
  <insert id="insert" parameterType="crm.entity.Users">
    insert into users (user_name, password, 
      sex, birthday, role_id, 
      status)
    values ( #{userName,jdbcType=VARCHAR}, #{password,jdbcType=VARCHAR}, 
      #{sex,jdbcType=VARCHAR}, #{birthday,jdbcType=TIMESTAMP}, #{role.roleId,jdbcType=INTEGER}, 
      #{status,jdbcType=INTEGER})
  </insert>
  <update id="updateByPrimaryKey" parameterType="crm.entity.Users">
    update users
    set user_name = #{userName,jdbcType=VARCHAR},
      password = #{password,jdbcType=VARCHAR},
      sex = #{sex,jdbcType=VARCHAR},
      birthday = #{birthday,jdbcType=TIMESTAMP},
      role_id = #{roleId,jdbcType=INTEGER},
      status = #{status,jdbcType=INTEGER}
    where user_id = #{userId,jdbcType=INTEGER}
  </update>
  <select id="selectByPrimaryKey" parameterType="java.lang.Integer" resultMap="BaseResultMap">
    select user_id, user_name, password, sex, birthday, role_id, status
    from users
    where user_id = #{userId,jdbcType=INTEGER}
  </select>
  <select id="selectAll" resultMap="BaseResultMap">
    select user_id, user_name, password, sex, birthday, users.role_id, status,role_name
    from users ,roles
    <trim prefix="where" prefixOverrides="and|or">
    	 users.role_id=roles.role_id
    	<if test="userName!=''">
    	and	user_name like #{userName}
    	</if>
    	<if test="sex!='' and sex!='-1'">
    		and sex=#{sex}
    	</if>
    	<if test="role!=null and role.roleId!=-1">
    		and users.role_id=#{role.roleId}
    	</if>
    	<if test="status!=null and status!=-1">
    		and status=#{status}
    	</if>
    	<if test="beginday!='' and  endday!=''">
    	and	birthday between #{beginday} and #{endday}
    	</if>
    	order by user_id
    </trim>
  </select>
  
    <select id="getUserId" resultMap="BaseResultMap">
  select * from users where user_name=#{0}
  </select>
  
  
  
  <select id="getuserId" resultMap="BaseResultMap">
  	select user_id,user_name from users 
  </select>
  <!-- login -->
  <select id="login" resultMap="BaseResultMap">
  	select u.*,r.role_name from users u,roles r where user_name=#{0} and password=#{1}
  </select>
  
  <!-- checkname -->
  <select id="checkName" resultMap="BaseResultMap">
  select * from users where user_name=#{0}
  </select>
  
  <!-- 分配角色 -->
  <update id="editRole">
  	update users set role_id=#{0} where user_id=#{1}
  </update>
</mapper>