<?xml version="1.0" encoding="UTF-8"?>
<!DOCTYPE mapper PUBLIC "-//mybatis.org//DTD Mapper 3.0//EN" "http://mybatis.org/dtd/mybatis-3-mapper.dtd">
<mapper namespace="crm.dao.WordsMapper">
  <resultMap id="BaseResultMap" type="crm.entity.Words">
    <id column="word_id" jdbcType="INTEGER" property="wordId" />
    <result column="title" jdbcType="VARCHAR" property="title" />
    <result column="summary" jdbcType="VARCHAR" property="summary" />
    <result column="cust_id" jdbcType="INTEGER" property="custId" />
    <result column="user_id" jdbcType="INTEGER" property="userId" />
    <result column="create_time" jdbcType="TIMESTAMP" property="createTime" />
    <result column="type" jdbcType="VARCHAR" property="type" />
    <association property="cust" javaType="crm.entity.Customers">
    	<id property="custId" column="customer_id"/>
    	<result property="custName" column="cust_name"/>
    </association>
    <association property="user" javaType="crm.entity.Users">
    	<id property="userId" column="user_id"/>
    	<result property="userName" column="user_name"/>
    </association>
  </resultMap>
  <delete id="deleteByPrimaryKey" parameterType="java.lang.Integer">
    delete from words
    where word_id = #{wordId,jdbcType=INTEGER}
  </delete>
  <insert id="insert" parameterType="crm.entity.Words">
    insert into words (word_id, title, summary, 
      cust_id, user_id, create_time, 
      type)
    values (#{wordId,jdbcType=INTEGER}, #{title,jdbcType=VARCHAR}, #{summary,jdbcType=VARCHAR}, 
      #{custId,jdbcType=INTEGER}, #{userId,jdbcType=INTEGER}, #{createTime,jdbcType=TIMESTAMP}, 
      #{type,jdbcType=VARCHAR})
  </insert>
  <update id="updateByPrimaryKey" parameterType="crm.entity.Words">
    update words
    set title = #{title,jdbcType=VARCHAR},
      summary = #{summary,jdbcType=VARCHAR},
      cust_id = #{custId,jdbcType=INTEGER},
      user_id = #{userId,jdbcType=INTEGER},
      create_time = #{createTime,jdbcType=TIMESTAMP},
      type = #{type,jdbcType=VARCHAR}
    where word_id = #{wordId,jdbcType=INTEGER}
  </update>
  <select id="selectByPrimaryKey" parameterType="java.lang.Integer" resultMap="BaseResultMap">
    select word_id, title, summary, cust_id, user_id, create_time, type
    from words

  </select>
  <select id="selectAll" resultMap="BaseResultMap">
    select words.word_id, title, summary, words.cust_id, words.user_id, words.create_time, type,customers.cust_name
    from words,customers,users
        <trim prefix="where" prefixOverrides="and|or">
    	 words.cust_id=customers.customer_id
    	 and words.user_id=users.user_id
    	<if test="title!='' and title!=null">
    	and	title like #{title}
    	</if>
    	<if test="custName!='' and custName!=null">
    	and	customers.cust_name like #{custName}
    	</if>
    	<if test="userId!='' and userId!='-1'">
    	and	words.userId = #{userId}
    	</if>
    	<if test="type!='' and type!='-1'">
    		and type = #{type}
    	</if>
    	<if test="beginday!='' and  endday!=''">
    	and	words.create_time between #{beginday} and #{endday}
    	</if>
    	order by word_id
    </trim>
  </select>
  

</mapper>