<?xml version="1.0" encoding="UTF-8"?>
<beans xmlns="http://www.springframework.org/schema/beans"
	xmlns:xsi="http://www.w3.org/2001/XMLSchema-instance"
	xmlns:context="http://www.springframework.org/schema/context"
	xmlns:mybatis-spring="http://mybatis.org/schema/mybatis-spring"
	xsi:schemaLocation="http://mybatis.org/schema/mybatis-spring http://mybatis.org/schema/mybatis-spring-1.2.xsd
		http://www.springframework.org/schema/beans http://www.springframework.org/schema/beans/spring-beans.xsd
		http://www.springframework.org/schema/context http://www.springframework.org/schema/context/spring-context.xsd">
	<context:component-scan base-package="crm.biz"></context:component-scan>
	
	<!-- 导入外部属性文件 -->	
	<context:property-placeholder location="classpath:db.properties"/>
	<!-- 数据源 -->
	<bean id="dataSource" class="com.mchange.v2.c3p0.ComboPooledDataSource">
		<property name="user" value="root"></property>
		<property name="password" value="${password}"></property>
		<property name="driverClass" value="${driver}"></property>
		<property name="jdbcUrl" value="${url}"></property>
		<property name="initialPoolSize" value="${minPoolSize}"></property>
		<property name="maxPoolSize" value="${maxPoolSize}"></property>
	</bean>

	<!--sqlSessionFactory  -->
	<bean id="sqlSessionFactory" class="org.mybatis.spring.SqlSessionFactoryBean">
  		<property name="dataSource" ref="dataSource" />
  		<property name="configLocation" value="classpath:mybatis-config.xml"></property>
  		<property name="mapperLocations" value="classpath:mapper/*Mapper.xml"></property>
	</bean>
	
	<!-- mapper -->
	<mybatis-spring:scan base-package="crm.dao"/>
</beans>
