<?xml version="1.0" encoding="UTF-8"?>
<!DOCTYPE generatorConfiguration
  PUBLIC "-//mybatis.org//DTD MyBatis Generator Configuration 1.0//EN"
  "http://mybatis.org/dtd/mybatis-generator-config_1_0.dtd">

<generatorConfiguration>
 	

  <context id="MysqlTables" targetRuntime="MyBatis3Simple">
  	<commentGenerator>
  	<!-- 去掉多余注释 -->
  		<property name="suppressAllComments" value="true"/>
  	</commentGenerator>
    <jdbcConnection driverClass="com.mysql.jdbc.Driver"
        connectionURL="jdbc:mysql://localhost:3306/crm"
        userId="root"
        password="281014">
    </jdbcConnection>


    <javaModelGenerator targetPackage="crm.entity" targetProject="crm/src/main/java">
      <property name="enableSubPackages" value="true" />
      <property name="trimStrings" value="true" />
    </javaModelGenerator>

    <sqlMapGenerator targetPackage="mapper"  targetProject="crm/src/main/resources">
      <property name="enableSubPackages" value="true" />
    </sqlMapGenerator>

    <javaClientGenerator type="XMLMAPPER" targetPackage="crm.dao"  targetProject="crm/src/main/java">
      <property name="enableSubPackages" value="true" />
    </javaClientGenerator>
	
    <table tableName="bookinfo" domainObjectName="Bookinfo" >
    </table>
    <table tableName="logs" domainObjectName="Logs" >
    </table>



  </context>
</generatorConfiguration>
